INSERT INTO user_login VALUES (2994,'jon20',12345,1,'Bengea','Ion',0758342455,NULL,'jon20@yahoo.com',2570610871596,'1957-06-11','Bucuresti','Bucuresti','bl.10,ap.2,et.1,scr.31Dec',57689,0);
INSERT INTO user_login VALUES (3567,'alex_n',1234,2,'Nauca','Alex',NULL,0230558823,'alex_n@gmail.com',1660109342455,'1966-01-09','Costanta','Costanta','Str.Viteazu,nr.11,bl.18,ap.5',29999,0);
INSERT INTO user_login VALUES (8532,'marian_and',1234,2,'Andulescu','Marian',0743302256,NULL,'marian@yahoo.com',3750212302256,'1975-02-12','Suceva','Suceva','Str.Eminescu,nr.5,bl.40,ap.30',35678,0);
INSERT INTO user_login VALUES (9765,'axa_serb',1234,2,'Serbaru','Ana',NULL,0330132123,'ana@gmail.com',4700327920715,'1970-30-27','Iasi','Iasi','Str.Voda.nr.9,bl.L2,ap.8',82293,0);
INSERT INTO user_login VALUES (4032,'mona_t',1234,2,'Tasmaciuc','Mona',0751920715,NULL,'mona@yahoo.com',5850429551330,'1985-04-29','Botosani','Botosani','Str.Stefan.nr.20,bl.81.,ap.6',29314,0);
INSERT INTO user_login VALUES (6500,'cata_sef',1234,2,'Sefils','Catalin',NULL,0255785643,'cata@gamil.com',6920518955555,'1992-05-18','Timisoara','Timisoara','Str.Andrei,nr.35,bl.98,ap10',43321,0);
INSERT INTO user_login VALUES (2189,'aniana200',1234,2,'Coresh','Aniana',0736955551,NULL,'aniana@yahoo.com',7900721558823,'1990-07-21','Cluj','Cluj','STR.Uniri,nr.15,bl.44,ap.29',56788,0);
INSERT INTO user_login VALUES (1547,'ali007',1234,2,'Dascalu','Alin',NULL,0246331246,'ali@gmail.com',8540819331246,'1954-08-19','Arad','Arad','Str.Garii,nr.27,bl.30,ap.35',12355,0);
INSERT INTO user_login VALUES (5914,'roya30',1234,2,'Anesi','Roxana',0761551330,NULL,'roya@yahoo.com',9720902445168,'1972-09-02','Brasov','Brasor','Str.Traian,nr.14,bl.19,ap.13',68977,0);
INSERT INTO user_login VALUES (9123,'gaby_66',1234,2,'Petrulea','Gabi',NULL,0257445168,'gabi@gamil.com',0691225123123,'1969-12-25','Bacau','Bacau','Str.Visinilor,nr.30,bl.56,ap.1',71366,0);

INSERT INTO Hotels VALUES (508627,'mouse',1234,null,'Hotel Vega',NULL,0241488206,'In partea de N a Statiunii','900001');
INSERT INTO Hotels VALUES (737151,'diced ',1234,null,'Hotel Palm Beach',NULL,024165298,'In partea de S a statiunii.','900001');
INSERT INTO Hotels VALUES (916275,'pouting ',1234,null,'Comodor',0723441628,0247887563,'In partea N a statiunii, la cativa pasi de plaja.','900001');
INSERT INTO Hotels VALUES (562317,'stabbing ',1234,null,'Hotel Plai de Dor',NULL,0230417400,'Poiana Marului','341');
INSERT INTO Hotels VALUES (228313,'dropping ',1234,null,'Hotel Adelina',0744977615,NULL,'Moeciu - Brasov','');
INSERT INTO Hotels VALUES (479766,'loud ',1234,null,'Hotel Ned',NULL,0330415582,'Brasov - Brasov','Str.Mijloc nr.79');

INSERT INTO Camera VALUES (508627,3474,'Dubla Standard'  ,'N'  ,1,1,1,0,1,250);
INSERT INTO Camera VALUES (508627,7869,'Dubla Superioara','E'  ,1,0,1,1,0,350);
INSERT INTO Camera VALUES (508627,6304,'Family Room'     ,'W'  ,1,1,1,0,0,450);
INSERT INTO Camera VALUES (508627,2807,'Junior Suite'    ,'S'  ,1,1,0,1,1,550);
INSERT INTO Camera VALUES (508627,1142,'Senior Suite'    ,'N-E',1,1,1,0,0,650);
INSERT INTO Camera VALUES (508627,1759,'Dubla Standard'  ,'S-E',0,1,0,1,0,250);
INSERT INTO Camera VALUES (508627,1458,'Dubla Superioara','N-W',0,1,1,0,1,350);
INSERT INTO Camera VALUES (508627,1803,'Family Room'     ,'S-W',0,1,0,1,0,450);
INSERT INTO Camera VALUES (508627,3360,'Junior Suite'    ,'S-E',0,1,1,0,0,550);
INSERT INTO Camera VALUES (508627,1423,'Senior Suite'    ,'W'  ,0,1,0,1,1,650);

INSERT INTO Camera VALUES (916275,4831,'Camera Dubla','lac' ,1,1,0,1,0,437);
INSERT INTO Camera VALUES (916275,3313,'Camera Dubla','lac' ,0,1,1,1,1,437);
INSERT INTO Camera VALUES (916275,4595,'Camera Dubla','mare',1,1,0,1,0,460);
INSERT INTO Camera VALUES (916275,9050,'Camera Dubla','mare',0,1,1,1,1,460);
INSERT INTO Camera VALUES (916275,1636,'Camera Dubla','oras',1,1,0,1,0,635);
INSERT INTO Camera VALUES (916275,8592,'Camera Dubla','oras',0,1,1,1,1,635);
INSERT INTO Camera VALUES (916275,3039,'Apartament'  ,'mare',1,1,0,1,0,954);
INSERT INTO Camera VALUES (916275,8069,'Apartament'  ,'lac' ,0,1,1,1,1,954);

INSERT INTO Camera VALUES (737151,8205,'Camera Single','N'        ,1,1,1,1,1,339);
INSERT INTO Camera VALUES (737151,7384,'Camera Single','N-W'      ,0,1,1,1,0,339);
INSERT INTO Camera VALUES (737151,6973,'Camera Dubla','E'         ,0,1,0,1,1,428);
INSERT INTO Camera VALUES (737151,7445,'Camera Dubla','S-E'       ,1,1,1,1,0,428);
INSERT INTO Camera VALUES (737151,2604,'Camera Tripla','S'        ,0,1,1,1,1,547);
INSERT INTO Camera VALUES (737151,9181,'Camera Tripla','S-W'      ,0,1,0,1,0,547);
INSERT INTO Camera VALUES (737151,3124,'Apartament Standard','W'  ,1,1,1,1,1,631);
INSERT INTO Camera VALUES (737151,1220,'Apartament Standard','E'  ,0,1,1,1,0,631);
INSERT INTO Camera VALUES (737151,4356,'Apartament Jacuzzi','N-E' ,0,1,0,1,1,690);
INSERT INTO Camera VALUES (737151,9420,'Apartament Jacuzzi','S-E' ,1,1,1,1,0,690);

INSERT INTO CAMERA VALUES (562317,9963,'Single','N',0,1,1,1,0,443);
INSERT INTO CAMERA VALUES (562317,5037,'Double','S',1,1,1,1,0,689);
INSERT INTO CAMERA VALUES (562317,1251,'Triple','W',0,1,1,1,0,1325);
INSERT INTO CAMERA VALUES (562317,5231,'Single','E',1,1,1,1,1,443);

INSERT INTO CAMERA VALUES (228313,3001,'Single','N-E',0,1,0,1,0,484);
INSERT INTO CAMERA VALUES (228313,3978,'Double','S-E',1,1,0,1,0,540);
INSERT INTO CAMERA VALUES (228313,9121,'Triple','N-W',0,1,0,1,0,1119);
INSERT INTO CAMERA VALUES (228313,7218,'Single','S-W',1,1,0,1,1,484);
INSERT INTO CAMERA VALUES (228313,8318,'Double','N',0,1,0,1,0,540);

INSERT INTO CAMERA VALUES (479766,3999,'Single','E',1,1,1,1,0,418);
INSERT INTO CAMERA VALUES (479766,2720,'Double','N-E',0,1,1,1,0,633);
INSERT INTO CAMERA VALUES (479766,6996,'Triple','S-W',1,1,1,1,1,1346);
INSERT INTO CAMERA VALUES (479766,3186,'Double','W',1,1,1,1,0,633);

INSERT INTO FACILITATI VALUES (508627,1,1,1,1,1,1,1,0,1,1,1,1,0,1,1,0);
INSERT INTO FACILITATI VALUES (737151,1,1,1,1,0,1,0,0,1,1,1,1,0,1,1,0);
INSERT INTO FACILITATI VALUES (916275,1,1,1,1,0,0,0,0,0,1,0,0,0,1,1,0);
INSERT INTO FACILITATI VALUES (562317,1,1,0,0,0,0,0,0,0,1,1,1,1,1,1,1);
INSERT INTO FACILITATI VALUES (228313,0,1,0,0,0,0,0,0,0,0,0,0,1,0,1,1);
INSERT INTO FACILITATI VALUES (479766,0,1,0,0,0,0,0,0,0,1,1,0,1,0,1,1);
